date,tem,DV,VV,Lluvia,Radsolar,Hr
01/03/2017 00:00,24.57,280,0.82,0,0,78.29
01/03/2017 01:00,24.53,298,1.07,0,0,79.02
01/03/2017 02:00,24.4,299,0.63,0,0,78.32
01/03/2017 03:00,24.49,255,0.89,0,0,79.68
01/03/2017 04:00,23.98,240,0.98,0,0,85
01/03/2017 05:00,23.21,254,1.24,0,0,90.2
01/03/2017 06:00,23.22,248,0.61,0,0,90
01/03/2017 07:00,23.51,263,0.77,0,47.21,88.2
01/03/2017 08:00,24.44,298,1.38,0,250,83.6
01/03/2017 09:00,24.92,252,1.2,0,256.4,82.3
01/03/2017 10:00,27.43,239,1.07,0,774,68.96
01/03/2017 11:00,28.68,248,1.55,0,881,56.96
01/03/2017 12:00,29,258,2.3,0,970,61.76
01/03/2017 13:00,29.14,250,2.09,0,791.2,60.52
01/03/2017 14:00,29.55,226,1.94,0.28,813,53.39
01/03/2017 15:00,28.28,233,1.8,0.03,315.1,56.57
01/03/2017 16:00,28.02,248,1.45,0.14,238.6,55.29
01/03/2017 17:00,27.6,244,1.7,0,198.9,59.25
01/03/2017 18:00,26.15,246,1.5,0,22.22,72.47
01/03/2017 19:00,24.86,239,1.19,0,0,77.77
01/03/2017 20:00,24.23,232,1.98,0,0,81.4
01/03/2017 21:00,24.89,311,1.14,0,0,75.38
01/03/2017 22:00,24.75,295,0.93,0,0,74.48
01/03/2017 23:00,24.45,278,0.6,0,0,78.68
02/03/2017 00:00,24.32,308,0.84,0,0,81.6
02/03/2017 01:00,24.42,262,0.58,0,0,81
02/03/2017 02:00,23.92,261,0.51,0,0,83.9
02/03/2017 03:00,23.89,254,1.11,0,0,84.7
02/03/2017 04:00,23.79,251,0.37,0,0,86.3
02/03/2017 05:00,23.63,247,0.94,0,0,87.7
02/03/2017 06:00,23.58,243,0.45,0,0,87.8
02/03/2017 07:00,23.71,235,0.91,0,29.73,87.4
02/03/2017 08:00,25.25,221,0.65,0,299.7,82.9
02/03/2017 09:00,,,,,,
02/03/2017 10:00,26.94,250,1.99,0,678,72.13
02/03/2017 11:00,28.13,256,1.52,0,836,63.88
02/03/2017 12:00,29.25,257,2.09,0,871,60.45
02/03/2017 13:00,29.88,251,1.74,0,925,49.08
02/03/2017 14:00,,,,,,
02/03/2017 15:00,30.08,242,1.85,0.48,776,47.67
02/03/2017 16:00,29.57,245,1.83,0.17,574.8,48.13
02/03/2017 17:00,28.88,254,1.69,0.05,178,56.19
02/03/2017 18:00,27.87,248,1.78,0.06,72.25,60.8
02/03/2017 19:00,25.84,239,1.82,0,0,71.14
02/03/2017 20:00,,,,,,
02/03/2017 21:00,25.35,237,0.34,0,0,71.95
02/03/2017 22:00,24.75,237,1.27,0,0,77.52
02/03/2017 23:00,24.79,242,1.01,0,0,77.61
03/03/2017 00:00,24.3,241,1.05,0,0,81
03/03/2017 01:00,24.43,241,0.31,0,0,80.2
03/03/2017 02:00,24.34,244,1.09,0,0,81.6
03/03/2017 03:00,24.13,263,0.1,0,0,82.3
03/03/2017 04:00,24.4,237,0.47,0,0,81.1
03/03/2017 05:00,24.24,315,0.75,0,0,83.2
03/03/2017 06:00,24.34,71,0.51,0,0,80.2
03/03/2017 07:00,25.05,305,0.74,0,37.31,78.56
03/03/2017 08:00,,,,,,
03/03/2017 09:00,,,,,,
03/03/2017 10:00,30.18,236,1.28,0,765.1,53.51
03/03/2017 11:00,,,,,,
03/03/2017 12:00,30.24,240,2.42,0,992,47.91
03/03/2017 13:00,,,,,,
03/03/2017 14:00,,,,,,
03/03/2017 15:00,,,,,,
03/03/2017 16:00,,,,,,
03/03/2017 17:00,,,,,,
03/03/2017 18:00,,,,,,
03/03/2017 19:00,,,,,,
03/03/2017 20:00,,,,,,
03/03/2017 21:00,,,,,,
03/03/2017 22:00,,,,,,
03/03/2017 23:00,,,,,,
04/03/2017 00:00,,,,,,
04/03/2017 01:00,,,,,,
04/03/2017 02:00,,,,,,
04/03/2017 03:00,,,,,,
04/03/2017 04:00,,,,,,
04/03/2017 05:00,,,,,,
04/03/2017 06:00,,,,,,
04/03/2017 07:00,,,,,,
04/03/2017 08:00,,,,,,
04/03/2017 09:00,,,,,,
04/03/2017 10:00,,,,,,
04/03/2017 11:00,,,,,,
04/03/2017 12:00,,,,,,
04/03/2017 13:00,,,,,,
04/03/2017 14:00,,,,,,
04/03/2017 15:00,,,,,,
04/03/2017 16:00,,,,,,
04/03/2017 17:00,,,,,,
04/03/2017 18:00,,,,,,
04/03/2017 19:00,,,,,,
04/03/2017 20:00,,,,,,
04/03/2017 21:00,,,,,,
04/03/2017 22:00,,,,,,
04/03/2017 23:00,,,,,,
05/03/2017 00:00,,,,,,
05/03/2017 01:00,,,,,,
05/03/2017 02:00,,,,,,
05/03/2017 03:00,,,,,,
05/03/2017 04:00,,,,,,
05/03/2017 05:00,,,,,,
05/03/2017 06:00,,,,,,
05/03/2017 07:00,,,,,,
05/03/2017 08:00,,,,,,
05/03/2017 09:00,,,,,,
05/03/2017 10:00,,,,,,
05/03/2017 11:00,,,,,,
05/03/2017 12:00,,,,,,
05/03/2017 13:00,,,,,,
05/03/2017 14:00,,,,,,
05/03/2017 15:00,,,,,,
05/03/2017 16:00,,,,,,
05/03/2017 17:00,,,,,,
05/03/2017 18:00,,,,,,
05/03/2017 19:00,,,,,,
05/03/2017 20:00,,,,,,
05/03/2017 21:00,,,,,,
05/03/2017 22:00,,,,,,
05/03/2017 23:00,,,,,,
06/03/2017 00:00,,,,,,
06/03/2017 01:00,,,,,,
06/03/2017 02:00,,,,,,
06/03/2017 03:00,,,,,,
06/03/2017 04:00,,,,,,
06/03/2017 05:00,,,,,,
06/03/2017 06:00,,,,,,
06/03/2017 07:00,,,,,,
06/03/2017 08:00,,,,,,
06/03/2017 09:00,,,,,,
06/03/2017 10:00,,,,,,
06/03/2017 11:00,,,,,,
06/03/2017 12:00,29.64,245,1.89,,622.7,55.86
06/03/2017 13:00,28.62,247,2.37,0,915,57.78
06/03/2017 14:00,,,,,,
06/03/2017 15:00,28.47,267,2.13,0.08,422.6,50.53
06/03/2017 16:00,28.53,250,1.89,0.3,440.2,47.85
06/03/2017 17:00,,,,,,
06/03/2017 18:00,26.63,217,1.24,0,27.52,57.37
06/03/2017 19:00,24.94,245,1.91,0,0,69.63
06/03/2017 20:00,24.26,223,1.29,0,0,71.8
06/03/2017 21:00,24.03,248,1.18,0,0,73.71
06/03/2017 22:00,23.82,268,0.52,0,0,75.52
06/03/2017 23:00,23.53,235,1.01,0,0,77.9
07/03/2017 00:00,23.2,246,1.18,0,0,80.1
07/03/2017 01:00,23.06,318,0.94,0,0,80.8
07/03/2017 02:00,23.41,231,0.7,0,0,76.64
07/03/2017 03:00,23.28,257,0.79,0,0,80.2
07/03/2017 04:00,22.49,256,1.6,0,0,85.5
07/03/2017 05:00,21.9,216,0.49,0,0,88.8
07/03/2017 06:00,22.19,69,0.69,0,0,87.1
07/03/2017 07:00,23.34,268,0.29,0,97,81.3
07/03/2017 08:00,25.93,219,0.53,0,271.3,69.85
07/03/2017 09:00,27.06,257,1.43,0,495.7,61.14
07/03/2017 10:00,28.85,256,1.91,0,707.3,57.54
07/03/2017 11:00,29.05,227,1.34,0,660.6,51.08
07/03/2017 12:00,28.64,268,2.21,0,777.1,52.42
07/03/2017 13:00,29.66,268,1.79,0,931,44.29
07/03/2017 14:00,29.9,233,1.95,0,690.5,43.65
07/03/2017 15:00,29.59,244,2.52,0,665.9,45.82
07/03/2017 16:00,30.03,252,1.41,0,553.7,41.42
07/03/2017 17:00,29.49,236,1.39,0,200.3,42.26
07/03/2017 18:00,27.19,249,1.68,0,37.99,54.06
07/03/2017 19:00,25.72,241,1.81,0,0,61.87
07/03/2017 20:00,24.94,244,1.87,0,0,67.4
07/03/2017 21:00,24.83,219,0.87,0,0,66.48
07/03/2017 22:00,24.51,235,0.41,0,0,68.24
07/03/2017 23:00,24.15,249,1.35,0,0,72.78
08/03/2017 00:00,23.2,232,1.22,0,0,79.38
08/03/2017 01:00,22.76,237,1.41,0,0,82.4
08/03/2017 02:00,23.15,277,0.69,0,0,79.61
08/03/2017 03:00,23.15,302,0.93,0,0,77.46
08/03/2017 04:00,23.43,271,0.39,0,0,74.84
08/03/2017 05:00,23.47,95,0.09,0,0,73.2
08/03/2017 06:00,23.89,95,0.37,0,0,68.51
08/03/2017 07:00,24.32,268,0.8,0,30.93,69.26
08/03/2017 08:00,24.74,184,0.55,0,103.7,68.48
08/03/2017 09:00,26.11,255,1.07,0,271.8,63.45
08/03/2017 10:00,27.78,260,1.35,0,300.9,54.66
08/03/2017 11:00,27.69,227,1.05,0.26,624.8,56.78
08/03/2017 12:00,27.74,266,1.72,0.11,526.4,61.11
08/03/2017 13:00,27.4,252,2.3,0,324.8,55.36
08/03/2017 14:00,27.26,256,1.85,0.27,361.3,53.79
08/03/2017 15:00,26.37,258,1.8,0,142.4,56.93
08/03/2017 16:00,25.88,243,1.89,0,148.2,57.61
08/03/2017 17:00,25.92,241,1.15,0,63.76,55.51
08/03/2017 18:00,25.73,225,1.02,0,12.05,61.03
08/03/2017 19:00,25.65,252,0.7,0,0,60.2
08/03/2017 20:00,25.53,244,0.93,0,0,60.54
08/03/2017 21:00,25.15,249,1.33,0,0,66.91
08/03/2017 22:00,24.43,220,0.82,0,0,70.4
08/03/2017 23:00,24.08,234,1.24,0,0,71.04
09/03/2017 00:00,23.35,242,0.91,0,0,72.46
09/03/2017 01:00,23.4,240,0.58,0,0,72.51
09/03/2017 02:00,23.11,232,0.68,0,0,75.12
09/03/2017 03:00,23.27,315,0.78,0,0,74.93
09/03/2017 04:00,23.08,322,0.73,0,0,75.41
09/03/2017 05:00,23.2,297,0.38,0,0,73.9
09/03/2017 06:00,23.52,283,0.64,0,0,74.3
09/03/2017 07:00,23.47,298,0.74,0,57.11,75.22
09/03/2017 08:00,24.83,167,0.38,0,182.9,66.58
09/03/2017 09:00,27.16,274,1.05,0,311.6,51.75
09/03/2017 10:00,28.69,290,1.69,0,709.9,48.75
09/03/2017 11:00,29.8,243,1.7,0,847,46.01
09/03/2017 12:00,30.09,247,1.83,0,956,45.03
09/03/2017 13:00,29.8,263,2.04,0,912,46.86
09/03/2017 14:00,29.12,244,2.34,0,847,52.18
09/03/2017 15:00,28.99,258,2.6,0.15,684.4,50.39
09/03/2017 16:00,27.74,248,1.77,0,270,55.77
09/03/2017 17:00,26.34,246,1.93,0,156.8,63.32
09/03/2017 18:00,25.71,250,1.39,0,19.75,70.65
09/03/2017 19:00,24.86,256,0.98,0,0,72.51
09/03/2017 20:00,24.62,257,0.97,0,0,72.87
09/03/2017 21:00,24.28,241,1.29,0,0,73.41
09/03/2017 22:00,24.8,296,0.79,0,0,69.6
09/03/2017 23:00,25.22,243,0.36,0,0,66.29
10/03/2017 00:00,24.72,229,1.01,0,0,71.26
10/03/2017 01:00,24.15,242,1.02,0,0,76.35
10/03/2017 02:00,23.97,239,0.66,0,0,77.39
10/03/2017 03:00,24.16,296,0.49,0,0,75.92
10/03/2017 04:00,24.26,31,0.65,0,0,74.89
10/03/2017 05:00,24.45,254,0.27,0,0,74.69
10/03/2017 06:00,24.39,237,1.33,0,0,78.79
10/03/2017 07:00,24.21,250,0.7,0,34.04,77.61
10/03/2017 08:00,25.14,272,0.58,0,132.4,72.34
10/03/2017 09:00,26.49,271,1.39,0,266.4,64.65
10/03/2017 10:00,28.29,240,1.55,0,773.3,58.49
10/03/2017 11:00,28.52,254,1.88,0,627.4,53.97
10/03/2017 12:00,29.46,255,2.06,0.34,950,51.07
10/03/2017 13:00,29.46,239,2.26,0,620.2,51.77
10/03/2017 14:00,28.47,240,1.75,0,309.5,52.48
10/03/2017 15:00,27.96,252,1.34,0.11,268,52.66
10/03/2017 16:00,27.98,252,1.69,0.16,144.7,52.98
10/03/2017 17:00,26.94,245,2.27,0,39.37,56.28
10/03/2017 18:00,26.13,239,1.13,0,5.6,58.18
10/03/2017 19:00,25.48,239,1.34,0,0,65.77
10/03/2017 20:00,,,,,,
10/03/2017 21:00,25.04,239,1.19,0,0,71.69
10/03/2017 22:00,24.56,238,1.12,0,0,75.94
10/03/2017 23:00,24.5,263,0.33,0,0,76.99
11/03/2017 00:00,24.56,313,0.9,0,0,76.99
11/03/2017 01:00,24.36,259,0.4,0,0,78.13
11/03/2017 02:00,24.24,155,0.15,0,0,77.37
11/03/2017 03:00,24.22,224,0.66,0,0,79.27
11/03/2017 04:00,23.32,242,1.25,0.06,0,85.1
11/03/2017 05:00,22.89,241,1.37,0.04,0,87.3
11/03/2017 06:00,22.73,274,0.64,0.04,0,87.6
11/03/2017 07:00,22.83,272,0.44,0.04,65.78,87.7
11/03/2017 08:00,24.59,231,0.55,0.29,280.3,81.4
11/03/2017 09:00,26.48,267,1.06,0,507.5,70.46
11/03/2017 10:00,27.85,272,1.77,0,577.2,62.28
11/03/2017 11:00,29.26,250,2.07,0,816,52.49
11/03/2017 12:00,29.39,257,2.51,0,927,56.54
11/03/2017 13:00,29.57,247,1.99,0,869,54.1
11/03/2017 14:00,29.39,240,1.77,0.16,677.7,53.92
11/03/2017 15:00,28.35,236,1.91,0,202.4,52.67
11/03/2017 16:00,,,,,,
11/03/2017 17:00,26.54,246,1.28,0,31.03,58.39
11/03/2017 18:00,26.39,263,0.77,0,12.65,57.1
11/03/2017 19:00,26.39,133,0.35,0,0,58.32
11/03/2017 20:00,26.82,231,0.52,0,0,56.73
11/03/2017 21:00,25.47,252,1.35,0,0,72.15
11/03/2017 22:00,24.61,258,0.8,0,0,76.45
11/03/2017 23:00,24.26,230,0.61,0,0,77.97
12/03/2017 00:00,24.25,309,0.48,0,0,77.86
12/03/2017 01:00,24.39,195,0.44,0,0,76.24
12/03/2017 02:00,24.91,114,0.35,0,0,74.3
12/03/2017 03:00,24.61,310,0.38,0,0,74.29
12/03/2017 04:00,24.59,230,0.41,0,0,73.25
12/03/2017 05:00,23.46,247,0.92,0,0,85
12/03/2017 06:00,22.9,51,0.09,0,0,87.4
12/03/2017 07:00,23.7,325,0.55,0,45.97,83.8
12/03/2017 08:00,24.73,240,0.96,0,297,82
12/03/2017 09:00,25.85,243,2.49,0,532.7,75.13
12/03/2017 10:00,27.73,245,1.87,0,697.9,64.87
12/03/2017 11:00,28.59,247,2.13,0,847,62.16
12/03/2017 12:00,29.68,234,2.01,0,886,53.62
12/03/2017 13:00,30.26,234,1.66,0,879,51.03
12/03/2017 14:00,30.54,247,2.02,0.22,773.9,52.67
12/03/2017 15:00,30.39,248,1.8,0,627.5,51.33
12/03/2017 16:00,29.12,261,2.62,0.1,483.9,52.96
12/03/2017 17:00,28.63,243,1.78,0.12,200.8,53.04
12/03/2017 18:00,27.77,268,1.46,0.05,40.29,54.9
12/03/2017 19:00,27.39,263,1.12,0.1,0,57.08
12/03/2017 20:00,26.59,234,1.01,0.08,0,64.38
12/03/2017 21:00,25.57,254,1.09,0.07,0,67.14
12/03/2017 22:00,25.64,246,0.85,0.07,0,64.86
12/03/2017 23:00,25.18,257,1.38,0.03,0,66.89
13/03/2017 00:00,24.06,255,1.09,0.05,0,79.07
13/03/2017 01:00,23.74,258,0.38,0.08,0,81.1
13/03/2017 02:00,24.14,55,0.62,0.09,0,78.27
13/03/2017 03:00,24.82,39,0.7,0.03,0,70.99
13/03/2017 04:00,24.9,305,0.87,0.01,0,72.48
13/03/2017 05:00,24.8,278,0.89,0,0,74.54
13/03/2017 06:00,24.49,248,0.71,0,0,77.92
13/03/2017 07:00,25.01,227,0.86,0,81.6,77.89
13/03/2017 08:00,26.15,238,0.74,0,239.6,69.99
13/03/2017 09:00,27.19,246,1.65,0,527,66.05
13/03/2017 10:00,28.62,248,1.44,0,617,61.8
13/03/2017 11:00,29.54,249,1.83,0,798.7,54.46
13/03/2017 12:00,29.93,249,2.56,0,900,51.39
13/03/2017 13:00,29.97,255,2.99,0,922,50.42
13/03/2017 14:00,29.95,242,2.36,0.16,869,49.26
13/03/2017 15:00,29.61,233,2.08,0,714,49.89
13/03/2017 16:00,30.08,256,1.94,0.14,566.6,50.19
13/03/2017 17:00,29.33,255,1.61,0,213.1,50
13/03/2017 18:00,28.34,254,1.2,0,41.25,54.8
13/03/2017 19:00,26.94,249,1.06,0,0,58.99
13/03/2017 20:00,26.39,253,0.83,0,0,64.42
13/03/2017 21:00,26.62,259,0.91,0,0,64.89
13/03/2017 22:00,25.61,243,1.25,0,0,68.76
13/03/2017 23:00,25.03,242,1.46,0,0,75.16
14/03/2017 00:00,24.16,265,1.02,0,0,80.4
14/03/2017 01:00,23.68,252,1.21,0,0,82.2
14/03/2017 02:00,23.88,237,0.52,0,0,79.89
14/03/2017 03:00,24.09,250,0.74,0,0,77.85
14/03/2017 04:00,24.21,243,0.72,0,0,77.55
14/03/2017 05:00,24.43,309,0.97,0,0,73.4
14/03/2017 06:00,24.52,265,0.34,0,0,72.51
14/03/2017 07:00,24.46,216,0.64,0,30.12,78.08
14/03/2017 08:00,24.82,220,0.81,0,118.8,75.61
14/03/2017 09:00,25.99,246,0.88,0,198.5,70.37
14/03/2017 10:00,26.93,262,1.13,0,293.4,68.05
14/03/2017 11:00,,,,,,
14/03/2017 12:00,28.45,265,1.97,0,694.1,58.31
14/03/2017 13:00,28.29,248,2.2,0,726,60.25
14/03/2017 14:00,27.64,252,1.73,0,183.8,58.51
14/03/2017 15:00,27.48,242,1.15,0,116.5,60.93
14/03/2017 16:00,26.12,247,1.56,0,69.48,67.17
14/03/2017 17:00,25.68,215,0.84,0,31.86,67.84
14/03/2017 18:00,25.5,226,0.85,0,8.58,68.25
14/03/2017 19:00,25.15,264,0.81,0.11,0,71.22
14/03/2017 20:00,25.5,307,1.03,0.1,0,69.15
14/03/2017 21:00,25.17,219,0.36,0,0,73.49
14/03/2017 22:00,23.36,131,0.63,1.03,0,83.7
14/03/2017 23:00,22.96,219,0.41,1.68,0,88.4
15/03/2017 00:00,22.91,314,0.84,0.36,0,90.1
15/03/2017 01:00,22.77,262,0.27,0.44,0,91
15/03/2017 02:00,22.66,299,0.83,0.16,0,92.7
15/03/2017 03:00,22.64,279,0.32,0.8,0,92.2
15/03/2017 04:00,22.63,265,0.6,0.16,0,91.7
15/03/2017 05:00,22.72,248,0.61,0.04,0,92.5
15/03/2017 06:00,22.7,218,0.61,0.06,0,91.8
15/03/2017 07:00,23.03,322,0.56,0,21.76,90.9
15/03/2017 08:00,23.67,244,0.6,0,117.9,88.2
15/03/2017 09:00,,,,,,
15/03/2017 10:00,26.64,161,1.19,0.16,947,74.42
15/03/2017 11:00,,,,,,
15/03/2017 12:00,28.66,247,2.03,0,1118,63.96
15/03/2017 13:00,,,,,,
15/03/2017 14:00,,,,,,
15/03/2017 15:00,29.38,250,2.07,0,886,54.32
15/03/2017 16:00,28.27,232,1.82,0,255.2,57.68
15/03/2017 17:00,27.9,235,0.96,0,87.2,59.62
15/03/2017 18:00,26.82,247,1.08,0,13.6,65.18
15/03/2017 19:00,26.21,247,0.78,0,0,64.77
15/03/2017 20:00,24.49,165,0.62,0.58,0,74.24
15/03/2017 21:00,24.06,84,0.83,0.44,0.01,80.8
15/03/2017 22:00,24.29,79,1.75,0.08,0,80.5
15/03/2017 23:00,24.46,73,1.48,0.02,0,79.81
16/03/2017 00:00,24.7,82,1.32,0,0,75.09
16/03/2017 01:00,25.05,101,1.46,0,0,71.16
16/03/2017 02:00,24.55,63,1.48,0,0,73.45
16/03/2017 03:00,24.64,81,0.59,0,0,73.09
16/03/2017 04:00,24.7,327,0.53,0,0,76.31
16/03/2017 05:00,24.19,283,0.07,0,0,83.1
16/03/2017 06:00,24.3,225,0.25,0,0,81.7
16/03/2017 07:00,24.48,252,0.27,0,42.09,84.2
16/03/2017 08:00,25.13,33,1.24,0,152.6,79.06
16/03/2017 09:00,26.83,204,0.8,0,313.2,69.73
16/03/2017 10:00,28.37,205,0.95,0,388.5,66.64
16/03/2017 11:00,28.86,223,1.26,0,416.7,59.62
16/03/2017 12:00,29.55,255,1.57,0,904,57.16
16/03/2017 13:00,30.16,234,1.47,0,895,56.23
16/03/2017 14:00,29.21,238,2.3,0,781.3,53.97
16/03/2017 15:00,29.84,237,1.76,0,726.1,51.55
16/03/2017 16:00,29.09,241,2.48,0.05,636.1,53.26
16/03/2017 17:00,29.47,244,1.77,0,262.3,52.12
16/03/2017 18:00,27.82,247,2.01,0,43.28,58.96
16/03/2017 19:00,26.84,245,1.09,0,0,63.82
16/03/2017 20:00,26.45,250,1.03,0,0,66.3
16/03/2017 21:00,,,,,,
16/03/2017 22:00,25.32,241,1.1,0,0,73.88
16/03/2017 23:00,24.7,244,0.83,0,0,78.81
17/03/2017 00:00,24.32,279,0.33,0,0,78.85
17/03/2017 01:00,24.3,330,0.71,0,0,80.1
17/03/2017 02:00,24.28,322,0.76,0.04,0,81.5
17/03/2017 03:00,,,,,,
17/03/2017 04:00,23.76,325,0.72,0.03,0,84.5
17/03/2017 05:00,,,,,,
17/03/2017 06:00,23.45,53,0.65,0,0,79.65
17/03/2017 07:00,,,,,,
17/03/2017 08:00,25.16,73,0.75,0,209.8,73.73
17/03/2017 09:00,26.52,299,1.61,0,448.4,69.82
17/03/2017 10:00,28.53,255,1.32,0,657.6,60.17
17/03/2017 11:00,29.01,238,2.11,0,722.5,60.59
17/03/2017 12:00,29.47,282,1.67,0,943,56.49
17/03/2017 13:00,29.17,242,2.3,0,921,56.3
17/03/2017 14:00,29.52,240,1.72,0.26,795,52.23
17/03/2017 15:00,29.8,248,2.07,0.12,511.2,51.92
17/03/2017 16:00,28.21,244,2.1,0.07,298.9,56.58
17/03/2017 17:00,27.04,228,1.81,0.12,115.1,58.92
17/03/2017 18:00,26.45,242,1.96,0.06,17.99,60.09
17/03/2017 19:00,25.97,232,0.6,0.1,0,63.27
17/03/2017 20:00,25.3,247,1.48,0.09,0,66.73
17/03/2017 21:00,24.35,245,1.44,0.08,0,77.15
17/03/2017 22:00,23.63,239,1.73,0.09,0,83.1
17/03/2017 23:00,23.58,304,0.74,0.06,0,82.8
18/03/2017 00:00,23.46,243,0.35,0.04,0,82.9
18/03/2017 01:00,23.21,320,0.46,0.04,0,84.5
18/03/2017 02:00,23.25,307,0.52,0.06,0,83.9
18/03/2017 03:00,23.15,40,0.31,0,0,84
18/03/2017 04:00,23.37,35,0.49,0,0,82.8
18/03/2017 05:00,23.27,56,0.13,0,0,82.5
18/03/2017 06:00,23.22,131,0.07,0,0,81.1
18/03/2017 07:00,23.83,28,0.75,0,78.51,79.65
18/03/2017 08:00,25.84,44,0.77,0,283,69.5
18/03/2017 09:00,27.83,248,1,0,463.7,60.49
18/03/2017 10:00,28.11,235,1.43,0.09,725.5,64.81
18/03/2017 11:00,28.69,245,1.79,0.13,646.7,61.47
18/03/2017 12:00,28.95,234,2.13,0,882,56.98
18/03/2017 13:00,29.88,248,1.73,0,709.6,51.35
18/03/2017 14:00,28.92,246,2.26,0.21,499.6,52.38
18/03/2017 15:00,29.19,239,2.19,0,652.4,53.69
18/03/2017 16:00,29.08,249,1.61,0,465.5,50.83
18/03/2017 17:00,27.95,246,1.63,0,107.6,56.95
18/03/2017 18:00,27.48,246,1.48,0,33.74,58.28
18/03/2017 19:00,26.24,260,1.02,0,0,65.43
18/03/2017 20:00,25.6,250,1.48,0,0,63.79
18/03/2017 21:00,25.77,233,0.74,0,0,65.29
18/03/2017 22:00,25.51,215,0.42,0,0,66.39
18/03/2017 23:00,25.63,307,0.61,0,0,64.82
19/03/2017 00:00,25.53,310,1.05,0,0,68.83
19/03/2017 01:00,25.28,241,0.18,0,0,72.45
19/03/2017 02:00,24.88,314,0.65,0,0,76.3
19/03/2017 03:00,24.81,230,0.7,0,0,77.81
19/03/2017 04:00,23.83,248,0.71,0,0,84.3
19/03/2017 05:00,24.03,241,1.28,0,0,83
19/03/2017 06:00,23.67,248,0.67,0,0,85
19/03/2017 07:00,23.42,226,0.43,0,63.28,85.2
19/03/2017 08:00,24.3,235,1.3,0,290.4,81.5
19/03/2017 09:00,26.18,245,0.96,0,487,69.64
19/03/2017 10:00,27.04,255,1.5,0,462.5,65.09
19/03/2017 11:00,28.22,256,1.31,0.14,718.6,61.79
19/03/2017 12:00,28.87,249,1.93,0.12,957,59.94
19/03/2017 13:00,27.73,240,1.43,0,425.4,58.37
19/03/2017 14:00,28.11,227,1.93,0.45,697.4,55.55
19/03/2017 15:00,28.01,234,1.91,0.05,518.9,54.51
19/03/2017 16:00,27.78,242,1.29,0.12,375.8,56.82
19/03/2017 17:00,27.24,248,1.51,0,123.5,57.02
19/03/2017 18:00,25.28,262,1.15,0,22.61,73.45
19/03/2017 19:00,24.36,246,1.4,0,0,78
19/03/2017 20:00,24.01,236,1.33,0,0,78.13
19/03/2017 21:00,23.63,241,1.63,0,0,80.9
19/03/2017 22:00,23.13,249,1.74,0,0,84.8
19/03/2017 23:00,23.11,281,0.57,0,0,85.5
20/03/2017 00:00,23.23,322,1,0,0,84.6
20/03/2017 01:00,23.38,304,0.48,0,0,83.6
20/03/2017 02:00,23.31,242,1.39,0,0,84.4
20/03/2017 03:00,23.16,225,0.57,0,0,85
20/03/2017 04:00,23.4,243,0.25,0,0,83.9
20/03/2017 05:00,22.85,241,1.19,0,0,87.7
20/03/2017 06:00,22.39,238,1.6,0,0,90.5
20/03/2017 07:00,23.02,308,0.66,0,134.3,88.2
20/03/2017 08:00,24.59,273,1.05,0,217.8,81.5
20/03/2017 09:00,26.48,229,0.77,0,522.4,68.6
20/03/2017 10:00,28,243,1.53,0,691.9,61.58
20/03/2017 11:00,28.22,255,1.86,0.17,877,60.46
20/03/2017 12:00,28.44,234,2.37,0.03,592.6,57.62
20/03/2017 13:00,29.36,244,1.57,0.2,611.8,52.29
20/03/2017 14:00,28.22,241,1.99,0.04,191,54.93
20/03/2017 15:00,27.04,243,1.52,0,117.9,58.29
20/03/2017 16:00,26.91,258,1.44,0.07,98.4,60.16
20/03/2017 17:00,26.47,246,1.14,0.03,43.62,64.49
20/03/2017 18:00,25.02,254,1.55,0.06,14.68,73.69
20/03/2017 19:00,24.31,270,0.89,0.12,0,76.56
20/03/2017 20:00,23.74,229,1.19,0.08,0,77.79
20/03/2017 21:00,22.89,252,1.45,0.06,0,80.5
20/03/2017 22:00,23.2,258,0.98,0.06,0,77.18
20/03/2017 23:00,23.14,206,0.88,0.03,0,77.28
21/03/2017 00:00,23.48,325,0.77,0.03,0,76.05
21/03/2017 01:00,23.17,321,0.77,0.02,0,81.6
21/03/2017 02:00,22.85,239,1.29,0,0,84.7
21/03/2017 03:00,22.6,256,0.26,0,0,85.3
21/03/2017 04:00,22.79,254,0.34,0,0,84
21/03/2017 05:00,22.78,267,0.36,0,0,83.7
21/03/2017 06:00,22.91,295,0.57,0,0,83
21/03/2017 07:00,23.15,238,0.63,0,60.08,82.2
21/03/2017 08:00,23.82,297,0.76,0,142,78.63
21/03/2017 09:00,26.26,236,0.95,0,525.1,68.56
21/03/2017 10:00,28.68,233,1.06,0,748.2,61.47
21/03/2017 11:00,29.31,238,1.59,0.06,810,58.68
21/03/2017 12:00,29.45,246,1.82,0,886,55.24
21/03/2017 13:00,29.56,256,2.18,0,842,53.49
21/03/2017 14:00,29.15,257,1.85,0.22,726.8,54.66
21/03/2017 15:00,28.31,245,2.33,0,405.8,57.52
21/03/2017 16:00,28.37,248,1.59,0.08,260,56.38
21/03/2017 17:00,27.27,217,1.02,0,110,59.52
21/03/2017 18:00,26.57,229,1.05,0,9.4,58.53
21/03/2017 19:00,25.59,247,1.98,0,0,65.17
21/03/2017 20:00,,,,,,
21/03/2017 21:00,,,,,,
21/03/2017 22:00,,,,,,
21/03/2017 23:00,,,,,,
22/03/2017 00:00,,,,,,
22/03/2017 01:00,,,,,,
22/03/2017 02:00,,,,,,
22/03/2017 03:00,,,,,,
22/03/2017 04:00,,,,,,
22/03/2017 05:00,,,,,,
22/03/2017 06:00,,,,,,
22/03/2017 07:00,,,,,,
22/03/2017 08:00,,,,,,
22/03/2017 09:00,,,,,,
22/03/2017 10:00,,,,,,
22/03/2017 11:00,,,,,,
22/03/2017 12:00,,,,,,
22/03/2017 13:00,,,,,,
22/03/2017 14:00,,,,,,
22/03/2017 15:00,,,,,,
22/03/2017 16:00,,,,,,
22/03/2017 17:00,,,,,,
22/03/2017 18:00,,,,,,
22/03/2017 19:00,,,,,,
22/03/2017 20:00,,,,,,
22/03/2017 21:00,,,,,,
22/03/2017 22:00,,,,,,
22/03/2017 23:00,,,,,,
23/03/2017 00:00,24.58,240,1.18,0,0,72.06
23/03/2017 01:00,24.32,273,0.41,0,0,73.66
23/03/2017 02:00,23.77,243,1.47,0,0,77.28
23/03/2017 03:00,23.35,239,0.87,0,0,79.49
23/03/2017 04:00,23.42,170,0.17,0,0,79
23/03/2017 05:00,24.05,61,0.43,0,0,73.83
23/03/2017 06:00,23.86,241,1.58,0,0,79.47
23/03/2017 07:00,23.4,236,1.14,0,54.07,81
23/03/2017 08:00,23.95,251,0.69,0,168.6,78.9
23/03/2017 09:00,25.93,216,0.61,0,302.5,67.64
23/03/2017 10:00,27.93,247,0.78,0,536.8,60.06
23/03/2017 11:00,29.06,262,1.74,0,769,57.05
23/03/2017 12:00,29,239,1.98,0,623.2,56.46
23/03/2017 13:00,29.72,227,1.9,0.11,734.2,52.56
23/03/2017 14:00,29.46,265,2.22,0.06,680.9,52.64
23/03/2017 15:00,28.72,257,1.51,0,495.4,53.37
23/03/2017 16:00,27.55,250,1.88,0.09,352.9,55.84
23/03/2017 17:00,28.25,240,1.03,0,180,50.05
23/03/2017 18:00,27.18,209,0.81,0,37.4,53.51
23/03/2017 19:00,25.24,162,2.01,0,0,59.89
23/03/2017 20:00,25.3,245,0.71,0,0,61.01
23/03/2017 21:00,25,298,1.42,0,0,63.84
23/03/2017 22:00,24.85,303,1.09,0,0,63.97
23/03/2017 23:00,24.67,312,1.09,0,0,65.25
24/03/2017 00:00,24.72,309,1.17,0,0,64.77
24/03/2017 01:00,24.48,199,0.34,0,0,66.1
24/03/2017 02:00,24.27,253,0.62,0,0,66.67
24/03/2017 03:00,24.08,306,0.82,0,0,67.22
24/03/2017 04:00,23.99,290,0.89,0,0,68.29
24/03/2017 05:00,23.54,51,0.09,0,0,69.22
24/03/2017 06:00,23.95,63,1.35,0,0,67.91
24/03/2017 07:00,24.59,78,0.92,0,100.7,65.59
24/03/2017 08:00,27.08,75,0.65,0,322.8,57.31
24/03/2017 09:00,28.88,222,0.63,0,551.5,51.52
24/03/2017 10:00,28.74,246,1.61,0,770.6,55.63
24/03/2017 11:00,28.69,247,2.98,0.19,873,59.5
24/03/2017 12:00,,,,,,
24/03/2017 13:00,,,,,,
24/03/2017 14:00,,,,,,
24/03/2017 15:00,,,,,,
24/03/2017 16:00,,,,,,
24/03/2017 17:00,,,,,,
24/03/2017 18:00,,,,,,
24/03/2017 19:00,,,,,,
24/03/2017 20:00,,,,,,
24/03/2017 21:00,,,,,,
24/03/2017 22:00,,,,,,
24/03/2017 23:00,,,,,,
25/03/2017 00:00,,,,,,
25/03/2017 01:00,,,,,,
25/03/2017 02:00,,,,,,
25/03/2017 03:00,,,,,,
25/03/2017 04:00,,,,,,
25/03/2017 05:00,,,,,,
25/03/2017 06:00,,,,,,
25/03/2017 07:00,,,,,,
25/03/2017 08:00,,,,,,
25/03/2017 09:00,,,,,,
25/03/2017 10:00,,,,,,
25/03/2017 11:00,,,,,,
25/03/2017 12:00,,,,,,
25/03/2017 13:00,,,,,,
25/03/2017 14:00,,,,,,
25/03/2017 15:00,,,,,,
25/03/2017 16:00,,,,,,
25/03/2017 17:00,,,,,,
25/03/2017 18:00,,,,,,
25/03/2017 19:00,,,,,,
25/03/2017 20:00,,,,,,
25/03/2017 21:00,,,,,,
25/03/2017 22:00,,,,,,
25/03/2017 23:00,,,,,,
26/03/2017 00:00,,,,,,
26/03/2017 01:00,,,,,,
26/03/2017 02:00,,,,,,
26/03/2017 03:00,,,,,,
26/03/2017 04:00,,,,,,
26/03/2017 05:00,,,,,,
26/03/2017 06:00,,,,,,
26/03/2017 07:00,,,,,,
26/03/2017 08:00,,,,,,
26/03/2017 09:00,,,,,,
26/03/2017 10:00,,,,,,
26/03/2017 11:00,,,,,,
26/03/2017 12:00,,,,,,
26/03/2017 13:00,,,,,,
26/03/2017 14:00,,,,,,
26/03/2017 15:00,,,,,,
26/03/2017 16:00,,,,,,
26/03/2017 17:00,,,,,,
26/03/2017 18:00,,,,,,
26/03/2017 19:00,,,,,,
26/03/2017 20:00,,,,,,
26/03/2017 21:00,,,,,,
26/03/2017 22:00,,,,,,
26/03/2017 23:00,,,,,,
27/03/2017 00:00,,,,,,
27/03/2017 01:00,,,,,,
27/03/2017 02:00,,,,,,
27/03/2017 03:00,,,,,,
27/03/2017 04:00,,,,,,
27/03/2017 05:00,,,,,,
27/03/2017 06:00,,,,,,
27/03/2017 07:00,,,,,,
27/03/2017 08:00,,,,,,
27/03/2017 09:00,,,,,,
27/03/2017 10:00,,,,,,
27/03/2017 11:00,,,,,,
27/03/2017 12:00,,,,,,
27/03/2017 13:00,,,,,,
27/03/2017 14:00,,,,,,
27/03/2017 15:00,,,,,,
27/03/2017 16:00,,,,,,
27/03/2017 17:00,,,,,,
27/03/2017 18:00,,,,,,
27/03/2017 19:00,,,,,,
27/03/2017 20:00,,,,,,
27/03/2017 21:00,,,,,,
27/03/2017 22:00,,,,,,
27/03/2017 23:00,,,,,,
28/03/2017 00:00,,,,,,
28/03/2017 01:00,,,,,,
28/03/2017 02:00,,,,,,
28/03/2017 03:00,,,,,,
28/03/2017 04:00,,,,,,
28/03/2017 05:00,,,,,,
28/03/2017 06:00,,,,,,
28/03/2017 07:00,,,,,,
28/03/2017 08:00,,,,,,
28/03/2017 09:00,,,,,,
28/03/2017 10:00,,,,,,
28/03/2017 11:00,,,,,,
28/03/2017 12:00,,,,,,
28/03/2017 13:00,,,,,,
28/03/2017 14:00,,,,,,
28/03/2017 15:00,,,,,,
28/03/2017 16:00,,,,,,
28/03/2017 17:00,,,,,,
28/03/2017 18:00,,,,,,
28/03/2017 19:00,,,,,,
28/03/2017 20:00,,,,,,
28/03/2017 21:00,,,,,,
28/03/2017 22:00,,,,,,
28/03/2017 23:00,,,,,,
29/03/2017 00:00,,,,,,
29/03/2017 01:00,,,,,,
29/03/2017 02:00,,,,,,
29/03/2017 03:00,,,,,,
29/03/2017 04:00,,,,,,
29/03/2017 05:00,,,,,,
29/03/2017 06:00,,,,,,
29/03/2017 07:00,,,,,,
29/03/2017 08:00,,,,,,
29/03/2017 09:00,,,,,,
29/03/2017 10:00,,,,,,
29/03/2017 11:00,,,,,,
29/03/2017 12:00,,,,,,
29/03/2017 13:00,,,,,,
29/03/2017 14:00,,,,,,
29/03/2017 15:00,,,,,,
29/03/2017 16:00,,,,,,
29/03/2017 17:00,,,,,,
29/03/2017 18:00,,,,,,
29/03/2017 19:00,,,,,,
29/03/2017 20:00,,,,,,
29/03/2017 21:00,,,,,,
29/03/2017 22:00,,,,,,
29/03/2017 23:00,,,,,,
30/03/2017 00:00,,,,,,
30/03/2017 01:00,,,,,,
30/03/2017 02:00,,,,,,
30/03/2017 03:00,,,,,,
30/03/2017 04:00,,,,,,
30/03/2017 05:00,,,,,,
30/03/2017 06:00,,,,,,
30/03/2017 07:00,,,,,,
30/03/2017 08:00,,,,,,
30/03/2017 09:00,,,,,,
30/03/2017 10:00,,,,,,
30/03/2017 11:00,,,,,,
30/03/2017 12:00,28.72,245,1.8,0,838,53.11
30/03/2017 13:00,27.72,250,2.39,0.2,419.5,58.78
30/03/2017 14:00,26.85,263,1.73,0.09,697,62.76
30/03/2017 15:00,,,,,,
30/03/2017 16:00,,,,,,
30/03/2017 17:00,,,,,,
30/03/2017 18:00,,,,,,
30/03/2017 19:00,,,,,,
30/03/2017 20:00,,,,,,
30/03/2017 21:00,,,,,,
30/03/2017 22:00,,,,,,
30/03/2017 23:00,,,,,,
31/03/2017 00:00,,,,,,
31/03/2017 01:00,,,,,,
31/03/2017 02:00,,,,,,
31/03/2017 03:00,,,,,,
31/03/2017 04:00,21.03,227,0.52,0.03,0,88.7
31/03/2017 05:00,,,,,,
31/03/2017 06:00,,,,,,
31/03/2017 07:00,,,,,,
31/03/2017 08:00,,,,,,
31/03/2017 09:00,,,,,,
31/03/2017 10:00,,,,,,
31/03/2017 11:00,,,,,,
31/03/2017 12:00,,,,,,
31/03/2017 13:00,,,,,,
31/03/2017 14:00,,,,,,
31/03/2017 15:00,,,,,,
31/03/2017 16:00,,,,,,
31/03/2017 17:00,,,,,,
31/03/2017 18:00,,,,,,
31/03/2017 19:00,,,,,,
31/03/2017 20:00,,,,,,
31/03/2017 21:00,,,,,,
31/03/2017 22:00,,,,,,
31/03/2017 23:00,,,,,,
